{"cameraMode":{"drawMode":0,"name":"Shaded","section":"Shading Mode"},"sceneLighting":true,"audioPlay":false,"sceneViewState":{"m_AlwaysRefresh":false,"showFog":true,"showSkybox":true,"showFlares":true,"showImageEffects":true,"showParticleSystems":true,"showVisualEffectGraphs":true,"m_FxEnabled":true},"in2DMode":false,"pivot":{"x":0.6144620180130005,"y":0.18116408586502076,"z":-0.32775920629501345},"rotation":{"x":0.2510249614715576,"y":-0.5171663761138916,"z":0.16186517477035523,"w":0.8021019697189331},"size":0.8660253882408142,"orthographic":false}